iter	RMSE
0	6184.610238
1	5963.536257
2	5755.000203
3	5559.404981
4	5378.637767
5	5204.872475
6	5041.960195
